{
  "start_time": 1711717560.0,
  "total_uptime": 4373.8345012664795,
  "total_downtime": 31536008.72483325,
  "last_check": 1743257942.5593345,
  "restart_count": 0,
  "error_count": 0,
  "uptime_percentage": 0.013867411065919438
}